Sample in Buffer,Sample in Window,TRIGGER,ad_in_IBUF[7:0],FRE1_index[15:0]
0,0,0,124,100
1,1,0,124,100
2,2,0,124,100
3,3,0,124,100
4,4,0,124,100
5,5,0,124,100
6,6,0,124,100
7,7,0,124,100
8,8,0,124,100
9,9,0,124,100
10,10,0,124,100
11,11,0,124,100
12,12,0,124,100
13,13,0,124,100
14,14,0,124,100
15,15,0,124,100
16,16,0,124,100
17,17,0,124,100
18,18,0,124,100
19,19,0,124,100
20,20,0,124,100
21,21,0,124,100
22,22,0,124,100
23,23,0,124,100
24,24,0,124,100
25,25,0,124,100
26,26,0,124,100
27,27,0,124,100
28,28,0,124,100
29,29,0,124,100
30,30,0,124,100
31,31,0,124,100
32,32,0,124,100
33,33,0,124,100
34,34,0,124,100
35,35,0,124,100
36,36,0,124,100
37,37,0,124,100
38,38,0,124,100
39,39,0,124,100
40,40,0,124,100
41,41,0,124,100
42,42,0,124,100
43,43,0,124,100
44,44,0,124,100
45,45,0,124,100
46,46,0,124,100
47,47,0,124,100
48,48,0,124,100
49,49,0,124,100
50,50,0,124,100
51,51,0,124,100
52,52,0,124,100
53,53,0,124,100
54,54,0,124,100
55,55,0,124,100
56,56,0,124,100
57,57,0,124,100
58,58,0,124,100
59,59,0,124,100
60,60,0,124,100
61,61,0,124,100
62,62,0,124,100
63,63,0,124,100
64,64,0,124,100
65,65,0,124,100
66,66,0,124,100
67,67,0,124,100
68,68,0,124,100
69,69,0,124,100
70,70,0,124,100
71,71,0,124,100
72,72,0,124,100
73,73,0,124,100
74,74,0,124,100
75,75,0,124,100
76,76,0,124,100
77,77,0,124,100
78,78,0,124,100
79,79,0,124,100
80,80,0,124,100
81,81,0,124,100
82,82,0,124,100
83,83,0,124,100
84,84,0,124,100
85,85,0,124,100
86,86,0,124,100
87,87,0,124,100
88,88,0,124,100
89,89,0,124,100
90,90,0,124,100
91,91,0,124,100
92,92,0,124,100
93,93,0,124,100
94,94,0,124,100
95,95,0,124,100
96,96,0,124,100
97,97,0,124,100
98,98,0,124,100
99,99,0,124,100
100,100,0,124,100
101,101,0,124,100
102,102,0,124,100
103,103,0,124,100
104,104,0,124,100
105,105,0,124,100
106,106,0,124,100
107,107,0,124,100
108,108,0,124,100
109,109,0,124,100
110,110,0,124,100
111,111,0,124,100
112,112,0,124,100
113,113,0,124,100
114,114,0,124,100
115,115,0,124,100
116,116,0,124,100
117,117,0,124,100
118,118,0,124,100
119,119,0,124,100
120,120,0,124,100
121,121,0,124,100
122,122,0,124,100
123,123,0,124,100
124,124,0,124,100
125,125,0,124,100
126,126,0,124,100
127,127,0,124,100
128,128,0,124,100
129,129,0,124,100
130,130,0,124,100
131,131,0,124,100
132,132,0,124,100
133,133,0,124,100
134,134,0,124,100
135,135,0,124,100
136,136,0,124,100
137,137,0,124,100
138,138,0,124,100
139,139,0,124,100
140,140,0,124,100
141,141,0,124,100
142,142,0,124,100
143,143,0,124,100
144,144,0,124,100
145,145,0,124,100
146,146,0,124,100
147,147,0,124,100
148,148,0,124,100
149,149,0,124,100
150,150,0,124,100
151,151,0,124,100
152,152,0,124,100
153,153,0,124,100
154,154,0,124,100
155,155,0,124,100
156,156,0,124,100
157,157,0,124,100
158,158,0,124,100
159,159,0,124,100
160,160,0,124,100
161,161,0,124,100
162,162,0,124,100
163,163,0,124,100
164,164,0,124,100
165,165,0,124,100
166,166,0,124,100
167,167,0,124,100
168,168,0,124,100
169,169,0,124,100
170,170,0,124,100
171,171,0,124,100
172,172,0,124,100
173,173,0,124,100
174,174,0,124,100
175,175,0,124,100
176,176,0,124,100
177,177,0,124,100
178,178,0,124,100
179,179,0,124,100
180,180,0,124,100
181,181,0,124,100
182,182,0,124,100
183,183,0,124,100
184,184,0,124,100
185,185,0,124,100
186,186,0,124,100
187,187,0,124,100
188,188,0,124,100
189,189,0,124,100
190,190,0,124,100
191,191,0,124,100
192,192,0,124,100
193,193,0,124,100
194,194,0,124,100
195,195,0,124,100
196,196,0,124,100
197,197,0,124,100
198,198,0,124,100
199,199,0,124,100
200,200,0,124,100
201,201,0,124,100
202,202,0,124,100
203,203,0,124,100
204,204,0,124,100
205,205,0,124,100
206,206,0,124,100
207,207,0,124,100
208,208,0,124,100
209,209,0,124,100
210,210,0,124,100
211,211,0,124,100
212,212,0,124,100
213,213,0,124,100
214,214,0,124,100
215,215,0,124,100
216,216,0,124,100
217,217,0,124,100
218,218,0,124,100
219,219,0,124,100
220,220,0,124,100
221,221,0,124,100
222,222,0,124,100
223,223,0,124,100
224,224,0,124,100
225,225,0,124,100
226,226,0,124,100
227,227,0,124,100
228,228,0,124,100
229,229,0,124,100
230,230,0,124,100
231,231,0,124,100
232,232,0,124,100
233,233,0,124,100
234,234,0,124,100
235,235,0,124,100
236,236,0,124,100
237,237,0,124,100
238,238,0,124,100
239,239,0,124,100
240,240,0,124,100
241,241,0,124,100
242,242,0,124,100
243,243,0,124,100
244,244,0,124,100
245,245,0,124,100
246,246,0,124,100
247,247,0,124,100
248,248,0,124,100
249,249,0,124,100
250,250,0,124,100
251,251,0,124,100
252,252,0,124,100
253,253,0,124,100
254,254,0,124,100
255,255,0,124,100
256,256,0,124,100
257,257,0,124,100
258,258,0,124,100
259,259,0,124,100
260,260,0,124,100
261,261,0,124,100
262,262,0,124,100
263,263,0,124,100
264,264,0,124,100
265,265,0,124,100
266,266,0,124,100
267,267,0,124,100
268,268,0,124,100
269,269,0,124,100
270,270,0,124,100
271,271,0,124,100
272,272,0,124,100
273,273,0,124,100
274,274,0,124,100
275,275,0,124,100
276,276,0,124,100
277,277,0,124,100
278,278,0,124,100
279,279,0,124,100
280,280,0,124,100
281,281,0,124,100
282,282,0,124,100
283,283,0,124,100
284,284,0,124,100
285,285,0,124,100
286,286,0,124,100
287,287,0,124,100
288,288,0,124,100
289,289,0,124,100
290,290,0,124,100
291,291,0,124,100
292,292,0,124,100
293,293,0,124,100
294,294,0,124,100
295,295,0,124,100
296,296,0,124,100
297,297,0,124,100
298,298,0,124,100
299,299,0,124,100
300,300,0,124,100
301,301,0,124,100
302,302,0,124,100
303,303,0,124,100
304,304,0,124,100
305,305,0,124,100
306,306,0,124,100
307,307,0,124,100
308,308,0,124,100
309,309,0,124,100
310,310,0,124,100
311,311,0,124,100
312,312,0,124,100
313,313,0,124,100
314,314,0,124,100
315,315,0,124,100
316,316,0,124,100
317,317,0,124,100
318,318,0,124,100
319,319,0,124,100
320,320,0,124,100
321,321,0,124,100
322,322,0,124,100
323,323,0,124,100
324,324,0,124,100
325,325,0,124,100
326,326,0,124,100
327,327,0,124,100
328,328,0,124,100
329,329,0,124,100
330,330,0,124,100
331,331,0,124,100
332,332,0,124,100
333,333,0,124,100
334,334,0,124,100
335,335,0,124,100
336,336,0,124,100
337,337,0,124,100
338,338,0,124,100
339,339,0,124,100
340,340,0,124,100
341,341,0,124,100
342,342,0,124,100
343,343,0,124,100
344,344,0,124,100
345,345,0,124,100
346,346,0,124,100
347,347,0,124,100
348,348,0,124,100
349,349,0,124,100
350,350,0,124,100
351,351,0,124,100
352,352,0,124,100
353,353,0,124,100
354,354,0,124,100
355,355,0,124,100
356,356,0,124,100
357,357,0,124,100
358,358,0,124,100
359,359,0,124,100
360,360,0,124,100
361,361,0,124,100
362,362,0,124,100
363,363,0,124,100
364,364,0,124,100
365,365,0,124,100
366,366,0,124,100
367,367,0,124,100
368,368,0,124,100
369,369,0,124,100
370,370,0,124,100
371,371,0,124,100
372,372,0,124,100
373,373,0,124,100
374,374,0,124,100
375,375,0,124,100
376,376,0,124,100
377,377,0,124,100
378,378,0,124,100
379,379,0,124,100
380,380,0,124,100
381,381,0,124,100
382,382,0,124,100
383,383,0,124,100
384,384,0,124,100
385,385,0,124,100
386,386,0,124,100
387,387,0,124,100
388,388,0,124,100
389,389,0,124,100
390,390,0,124,100
391,391,0,124,100
392,392,0,124,100
393,393,0,124,100
394,394,0,124,100
395,395,0,124,100
396,396,0,124,100
397,397,0,124,100
398,398,0,124,100
399,399,0,124,100
400,400,0,124,100
401,401,0,124,100
402,402,0,124,100
403,403,0,124,100
404,404,0,124,100
405,405,0,124,100
406,406,0,124,100
407,407,0,124,100
408,408,0,124,100
409,409,0,124,100
410,410,0,124,100
411,411,0,124,100
412,412,0,124,100
413,413,0,124,100
414,414,0,124,100
415,415,0,124,100
416,416,0,124,100
417,417,0,124,100
418,418,0,124,100
419,419,0,124,100
420,420,0,124,100
421,421,0,124,100
422,422,0,124,100
423,423,0,124,100
424,424,0,124,100
425,425,0,124,100
426,426,0,124,100
427,427,0,124,100
428,428,0,124,100
429,429,0,124,100
430,430,0,124,100
431,431,0,124,100
432,432,0,124,100
433,433,0,124,100
434,434,0,124,100
435,435,0,124,100
436,436,0,124,100
437,437,0,124,100
438,438,0,124,100
439,439,0,124,100
440,440,0,124,100
441,441,0,124,100
442,442,0,124,100
443,443,0,124,100
444,444,0,124,100
445,445,0,124,100
446,446,0,124,100
447,447,0,124,100
448,448,0,124,100
449,449,0,124,100
450,450,0,124,100
451,451,0,124,100
452,452,0,124,100
453,453,0,124,100
454,454,0,124,100
455,455,0,124,100
456,456,0,124,100
457,457,0,124,100
458,458,0,124,100
459,459,0,124,100
460,460,0,124,100
461,461,0,124,100
462,462,0,124,100
463,463,0,124,100
464,464,0,124,100
465,465,0,124,100
466,466,0,124,100
467,467,0,124,100
468,468,0,124,100
469,469,0,124,100
470,470,0,124,100
471,471,0,124,100
472,472,0,124,100
473,473,0,124,100
474,474,0,124,100
475,475,0,124,100
476,476,0,124,100
477,477,0,124,100
478,478,0,124,100
479,479,0,124,100
480,480,0,124,100
481,481,0,124,100
482,482,0,124,100
483,483,0,124,100
484,484,0,124,100
485,485,0,124,100
486,486,0,124,100
487,487,0,124,100
488,488,0,124,100
489,489,0,124,100
490,490,0,124,100
491,491,0,124,100
492,492,0,124,100
493,493,0,124,100
494,494,0,124,100
495,495,0,124,100
496,496,0,124,100
497,497,0,124,100
498,498,0,124,100
499,499,0,124,100
500,500,0,124,100
501,501,0,124,100
502,502,0,124,100
503,503,0,124,100
504,504,0,124,100
505,505,0,124,100
506,506,0,124,100
507,507,0,124,100
508,508,0,124,100
509,509,0,124,100
510,510,0,124,100
511,511,0,124,100
512,512,0,124,100
513,513,0,124,100
514,514,0,124,100
515,515,0,124,100
516,516,0,124,100
517,517,0,124,100
518,518,0,124,100
519,519,0,124,100
520,520,0,124,100
521,521,0,124,100
522,522,0,124,100
523,523,0,124,100
524,524,0,124,100
525,525,0,124,100
526,526,0,124,100
527,527,0,124,100
528,528,0,124,100
529,529,0,124,100
530,530,0,124,100
531,531,0,124,100
532,532,0,124,100
533,533,0,124,100
534,534,0,124,100
535,535,0,124,100
536,536,0,124,100
537,537,0,124,100
538,538,0,124,100
539,539,0,124,100
540,540,0,124,100
541,541,0,124,100
542,542,0,124,100
543,543,0,124,100
544,544,0,124,100
545,545,0,124,100
546,546,0,124,100
547,547,0,124,100
548,548,0,124,100
549,549,0,124,100
550,550,0,124,100
551,551,0,124,100
552,552,0,124,100
553,553,0,124,100
554,554,0,124,100
555,555,0,124,100
556,556,0,124,100
557,557,0,124,100
558,558,0,124,100
559,559,0,124,100
560,560,0,124,100
561,561,0,124,100
562,562,0,124,100
563,563,0,124,100
564,564,0,124,100
565,565,0,124,100
566,566,0,124,100
567,567,0,124,100
568,568,0,124,100
569,569,0,124,100
570,570,0,124,100
571,571,0,124,100
572,572,0,124,100
573,573,0,124,100
574,574,0,124,100
575,575,0,124,100
576,576,0,124,100
577,577,0,124,100
578,578,0,124,100
579,579,0,124,100
580,580,0,124,100
581,581,0,124,100
582,582,0,124,100
583,583,0,124,100
584,584,0,124,100
585,585,0,124,100
586,586,0,124,100
587,587,0,124,100
588,588,0,124,100
589,589,0,124,100
590,590,0,124,100
591,591,0,124,100
592,592,0,124,100
593,593,0,124,100
594,594,0,124,100
595,595,0,124,100
596,596,0,124,100
597,597,0,124,100
598,598,0,124,100
599,599,0,124,100
600,600,0,124,100
601,601,0,124,100
602,602,0,124,100
603,603,0,124,100
604,604,0,124,100
605,605,0,124,100
606,606,0,124,100
607,607,0,124,100
608,608,0,124,100
609,609,0,124,100
610,610,0,124,100
611,611,0,124,100
612,612,0,124,100
613,613,0,124,100
614,614,0,124,100
615,615,0,124,100
616,616,0,124,100
617,617,0,124,100
618,618,0,124,100
619,619,0,124,100
620,620,0,124,100
621,621,0,124,100
622,622,0,124,100
623,623,0,124,100
624,624,0,124,100
625,625,0,124,100
626,626,0,124,100
627,627,0,124,100
628,628,0,124,100
629,629,0,124,100
630,630,0,124,100
631,631,0,124,100
632,632,0,124,100
633,633,0,124,100
634,634,0,124,100
635,635,0,124,100
636,636,0,124,100
637,637,0,124,100
638,638,0,124,100
639,639,0,124,100
640,640,0,124,100
641,641,0,124,100
642,642,0,124,100
643,643,0,124,100
644,644,0,124,100
645,645,0,124,100
646,646,0,124,100
647,647,0,124,100
648,648,0,124,100
649,649,0,124,100
650,650,0,124,100
651,651,0,124,100
652,652,0,124,100
653,653,0,124,100
654,654,0,124,100
655,655,0,124,100
656,656,0,124,100
657,657,0,124,100
658,658,0,124,100
659,659,0,124,100
660,660,0,124,100
661,661,0,124,100
662,662,0,124,100
663,663,0,124,100
664,664,0,124,100
665,665,0,124,100
666,666,0,124,100
667,667,0,124,100
668,668,0,124,100
669,669,0,124,100
670,670,0,124,100
671,671,0,124,100
672,672,0,124,100
673,673,0,124,100
674,674,0,124,100
675,675,0,124,100
676,676,0,124,100
677,677,0,124,100
678,678,0,124,100
679,679,0,124,100
680,680,0,124,100
681,681,0,124,100
682,682,0,124,100
683,683,0,124,100
684,684,0,124,100
685,685,0,124,100
686,686,0,124,100
687,687,0,124,100
688,688,0,124,100
689,689,0,124,100
690,690,0,124,100
691,691,0,124,100
692,692,0,124,100
693,693,0,124,100
694,694,0,124,100
695,695,0,124,100
696,696,0,124,100
697,697,0,124,100
698,698,0,124,100
699,699,0,124,100
700,700,0,124,100
701,701,0,124,100
702,702,0,124,100
703,703,0,124,100
704,704,0,124,100
705,705,0,124,100
706,706,0,124,100
707,707,0,124,100
708,708,0,124,100
709,709,0,124,100
710,710,0,124,100
711,711,0,124,100
712,712,0,124,100
713,713,0,124,100
714,714,0,124,100
715,715,0,124,100
716,716,0,124,100
717,717,0,124,100
718,718,0,124,100
719,719,0,124,100
720,720,0,124,100
721,721,0,124,100
722,722,0,124,100
723,723,0,124,100
724,724,0,124,100
725,725,0,124,100
726,726,0,124,100
727,727,0,124,100
728,728,0,124,100
729,729,0,124,100
730,730,0,124,100
731,731,0,124,100
732,732,0,124,100
733,733,0,124,100
734,734,0,124,100
735,735,0,124,100
736,736,0,124,100
737,737,0,124,100
738,738,0,124,100
739,739,0,124,100
740,740,0,124,100
741,741,0,124,100
742,742,0,124,100
743,743,0,124,100
744,744,0,124,100
745,745,0,124,100
746,746,0,124,100
747,747,0,124,100
748,748,0,124,100
749,749,0,124,100
750,750,0,124,100
751,751,0,124,100
752,752,0,124,100
753,753,0,124,100
754,754,0,124,100
755,755,0,124,100
756,756,0,124,100
757,757,0,124,100
758,758,0,124,100
759,759,0,124,100
760,760,0,124,100
761,761,0,124,100
762,762,0,124,100
763,763,0,124,100
764,764,0,124,100
765,765,0,124,100
766,766,0,124,100
767,767,0,124,100
768,768,0,124,100
769,769,0,124,100
770,770,0,124,100
771,771,0,124,100
772,772,0,124,100
773,773,0,124,100
774,774,0,124,100
775,775,0,124,100
776,776,0,124,100
777,777,0,124,100
778,778,0,124,100
779,779,0,124,100
780,780,0,124,100
781,781,0,124,100
782,782,0,124,100
783,783,0,124,100
784,784,0,124,100
785,785,0,124,100
786,786,0,124,100
787,787,0,124,100
788,788,0,124,100
789,789,0,124,100
790,790,0,124,100
791,791,0,124,100
792,792,0,124,100
793,793,0,124,100
794,794,0,124,100
795,795,0,124,100
796,796,0,124,100
797,797,0,124,100
798,798,0,124,100
799,799,0,124,100
800,800,0,124,100
801,801,0,124,100
802,802,0,124,100
803,803,0,124,100
804,804,0,124,100
805,805,0,124,100
806,806,0,124,100
807,807,0,124,100
808,808,0,124,100
809,809,0,124,100
810,810,0,124,100
811,811,0,124,100
812,812,0,124,100
813,813,0,124,100
814,814,0,124,100
815,815,0,124,100
816,816,0,124,100
817,817,0,124,100
818,818,0,124,100
819,819,0,124,100
820,820,0,124,100
821,821,0,124,100
822,822,0,124,100
823,823,0,124,100
824,824,0,124,100
825,825,0,124,100
826,826,0,124,100
827,827,0,124,100
828,828,0,124,100
829,829,0,124,100
830,830,0,124,100
831,831,0,124,100
832,832,0,124,100
833,833,0,124,100
834,834,0,124,100
835,835,0,124,100
836,836,0,124,100
837,837,0,124,100
838,838,0,124,100
839,839,0,124,100
840,840,0,124,100
841,841,0,124,100
842,842,0,124,100
843,843,0,124,100
844,844,0,124,100
845,845,0,124,100
846,846,0,124,100
847,847,0,124,100
848,848,0,124,100
849,849,0,124,100
850,850,0,124,100
851,851,0,124,100
852,852,0,124,100
853,853,0,124,100
854,854,0,124,100
855,855,0,124,100
856,856,0,124,100
857,857,0,124,100
858,858,0,124,100
859,859,0,124,100
860,860,0,124,100
861,861,0,124,100
862,862,0,124,100
863,863,0,124,100
864,864,0,124,100
865,865,0,124,100
866,866,0,124,100
867,867,0,124,100
868,868,0,124,100
869,869,0,124,100
870,870,0,124,100
871,871,0,124,100
872,872,0,124,100
873,873,0,124,100
874,874,0,124,100
875,875,0,124,100
876,876,0,124,100
877,877,0,124,100
878,878,0,124,100
879,879,0,124,100
880,880,0,124,100
881,881,0,124,100
882,882,0,124,100
883,883,0,124,100
884,884,0,124,100
885,885,0,124,100
886,886,0,124,100
887,887,0,124,100
888,888,0,124,100
889,889,0,124,100
890,890,0,124,100
891,891,0,124,100
892,892,0,124,100
893,893,0,124,100
894,894,0,124,100
895,895,0,124,100
896,896,0,124,100
897,897,0,124,100
898,898,0,124,100
899,899,0,124,100
900,900,0,124,100
901,901,0,124,100
902,902,0,124,100
903,903,0,124,100
904,904,0,124,100
905,905,0,124,100
906,906,0,124,100
907,907,0,124,100
908,908,0,124,100
909,909,0,124,100
910,910,0,124,100
911,911,0,124,100
912,912,0,124,100
913,913,0,124,100
914,914,0,124,100
915,915,0,124,100
916,916,0,124,100
917,917,0,124,100
918,918,0,124,100
919,919,0,124,100
920,920,0,124,100
921,921,0,124,100
922,922,0,124,100
923,923,0,124,100
924,924,0,124,100
925,925,0,124,100
926,926,0,124,100
927,927,0,124,100
928,928,0,124,100
929,929,0,124,100
930,930,0,124,100
931,931,0,124,100
932,932,0,124,100
933,933,0,124,100
934,934,0,124,100
935,935,0,124,100
936,936,0,124,100
937,937,0,124,100
938,938,0,124,100
939,939,0,124,100
940,940,0,124,100
941,941,0,124,100
942,942,0,124,100
943,943,0,124,100
944,944,0,124,100
945,945,0,124,100
946,946,0,124,100
947,947,0,124,100
948,948,0,124,100
949,949,0,124,100
950,950,0,124,100
951,951,0,124,100
952,952,0,124,100
953,953,0,124,100
954,954,0,124,100
955,955,0,124,100
956,956,0,124,100
957,957,0,124,100
958,958,0,124,100
959,959,0,124,100
960,960,0,124,100
961,961,0,124,100
962,962,0,124,100
963,963,0,124,100
964,964,0,124,100
965,965,0,124,100
966,966,0,124,100
967,967,0,124,100
968,968,0,124,100
969,969,0,124,100
970,970,0,124,100
971,971,0,124,100
972,972,0,124,100
973,973,0,124,100
974,974,0,124,100
975,975,0,124,100
976,976,0,124,100
977,977,0,124,100
978,978,0,124,100
979,979,0,124,100
980,980,0,124,100
981,981,0,124,100
982,982,0,124,100
983,983,0,124,100
984,984,0,124,100
985,985,0,124,100
986,986,0,124,100
987,987,0,124,100
988,988,0,124,100
989,989,0,124,100
990,990,0,124,100
991,991,0,124,100
992,992,0,124,100
993,993,0,124,100
994,994,0,124,100
995,995,0,124,100
996,996,0,124,100
997,997,0,124,100
998,998,0,124,100
999,999,0,124,100
1000,1000,0,124,100
1001,1001,0,124,100
1002,1002,0,124,100
1003,1003,0,124,100
1004,1004,0,124,100
1005,1005,0,124,100
1006,1006,0,124,100
1007,1007,0,124,100
1008,1008,0,124,100
1009,1009,0,124,100
1010,1010,0,124,100
1011,1011,0,124,100
1012,1012,0,124,100
1013,1013,0,124,100
1014,1014,0,124,100
1015,1015,0,124,100
1016,1016,0,124,100
1017,1017,0,124,100
1018,1018,0,124,100
1019,1019,0,124,100
1020,1020,0,124,100
1021,1021,0,124,100
1022,1022,0,124,100
1023,1023,0,124,100
1024,1024,1,124,100
1025,1025,0,124,100
1026,1026,0,124,100
1027,1027,0,124,100
1028,1028,0,124,100
1029,1029,0,124,100
1030,1030,0,124,100
1031,1031,0,124,100
1032,1032,0,124,100
1033,1033,0,124,100
1034,1034,0,124,100
1035,1035,0,124,100
1036,1036,0,124,100
1037,1037,0,124,100
1038,1038,0,124,100
1039,1039,0,124,100
1040,1040,0,124,100
1041,1041,0,124,100
1042,1042,0,124,100
1043,1043,0,124,100
1044,1044,0,124,100
1045,1045,0,124,100
1046,1046,0,124,100
1047,1047,0,124,100
1048,1048,0,124,100
1049,1049,0,124,100
1050,1050,0,124,100
1051,1051,0,124,100
1052,1052,0,124,100
1053,1053,0,124,100
1054,1054,0,124,100
1055,1055,0,124,100
1056,1056,0,124,100
1057,1057,0,124,100
1058,1058,0,124,100
1059,1059,0,124,100
1060,1060,0,124,100
1061,1061,0,124,100
1062,1062,0,124,100
1063,1063,0,124,100
1064,1064,0,124,100
1065,1065,0,124,100
1066,1066,0,124,100
1067,1067,0,124,100
1068,1068,0,124,100
1069,1069,0,124,100
1070,1070,0,124,100
1071,1071,0,124,100
1072,1072,0,124,100
1073,1073,0,124,100
1074,1074,0,124,100
1075,1075,0,124,100
1076,1076,0,124,100
1077,1077,0,124,100
1078,1078,0,124,100
1079,1079,0,124,100
1080,1080,0,124,100
1081,1081,0,124,100
1082,1082,0,124,100
1083,1083,0,124,100
1084,1084,0,124,100
1085,1085,0,124,100
1086,1086,0,124,100
1087,1087,0,124,100
1088,1088,0,124,100
1089,1089,0,124,100
1090,1090,0,124,100
1091,1091,0,124,100
1092,1092,0,124,100
1093,1093,0,124,100
1094,1094,0,124,100
1095,1095,0,124,100
1096,1096,0,124,100
1097,1097,0,124,100
1098,1098,0,124,100
1099,1099,0,124,100
1100,1100,0,124,100
1101,1101,0,124,100
1102,1102,0,124,100
1103,1103,0,124,100
1104,1104,0,124,100
1105,1105,0,124,100
1106,1106,0,124,100
1107,1107,0,124,100
1108,1108,0,124,100
1109,1109,0,124,100
1110,1110,0,124,100
1111,1111,0,124,100
1112,1112,0,124,100
1113,1113,0,124,100
1114,1114,0,124,100
1115,1115,0,124,100
1116,1116,0,124,100
1117,1117,0,124,100
1118,1118,0,124,100
1119,1119,0,124,100
1120,1120,0,124,100
1121,1121,0,124,100
1122,1122,0,124,100
1123,1123,0,124,100
1124,1124,0,124,100
1125,1125,0,124,100
1126,1126,0,124,100
1127,1127,0,124,100
1128,1128,0,124,100
1129,1129,0,124,100
1130,1130,0,124,100
1131,1131,0,124,100
1132,1132,0,124,100
1133,1133,0,124,100
1134,1134,0,124,100
1135,1135,0,124,100
1136,1136,0,124,100
1137,1137,0,124,100
1138,1138,0,124,100
1139,1139,0,124,100
1140,1140,0,124,100
1141,1141,0,124,100
1142,1142,0,124,100
1143,1143,0,124,100
1144,1144,0,124,100
1145,1145,0,124,100
1146,1146,0,124,100
1147,1147,0,124,100
1148,1148,0,124,100
1149,1149,0,124,100
1150,1150,0,124,100
1151,1151,0,124,100
1152,1152,0,124,100
1153,1153,0,124,100
1154,1154,0,124,100
1155,1155,0,124,100
1156,1156,0,124,100
1157,1157,0,124,100
1158,1158,0,124,100
1159,1159,0,124,100
1160,1160,0,124,100
1161,1161,0,124,100
1162,1162,0,124,100
1163,1163,0,124,100
1164,1164,0,124,100
1165,1165,0,124,100
1166,1166,0,124,100
1167,1167,0,124,100
1168,1168,0,124,100
1169,1169,0,124,100
1170,1170,0,124,100
1171,1171,0,124,100
1172,1172,0,124,100
1173,1173,0,124,100
1174,1174,0,124,100
1175,1175,0,124,100
1176,1176,0,124,100
1177,1177,0,124,100
1178,1178,0,124,100
1179,1179,0,124,100
1180,1180,0,124,100
1181,1181,0,124,100
1182,1182,0,124,100
1183,1183,0,124,100
1184,1184,0,124,100
1185,1185,0,124,100
1186,1186,0,124,100
1187,1187,0,124,100
1188,1188,0,124,100
1189,1189,0,124,100
1190,1190,0,124,100
1191,1191,0,124,100
1192,1192,0,124,100
1193,1193,0,124,100
1194,1194,0,124,100
1195,1195,0,124,100
1196,1196,0,124,100
1197,1197,0,124,100
1198,1198,0,124,100
1199,1199,0,124,100
1200,1200,0,124,100
1201,1201,0,124,100
1202,1202,0,124,100
1203,1203,0,124,100
1204,1204,0,124,100
1205,1205,0,124,100
1206,1206,0,124,100
1207,1207,0,124,100
1208,1208,0,124,100
1209,1209,0,124,100
1210,1210,0,124,100
1211,1211,0,124,100
1212,1212,0,124,100
1213,1213,0,124,100
1214,1214,0,124,100
1215,1215,0,124,100
1216,1216,0,124,100
1217,1217,0,124,100
1218,1218,0,124,100
1219,1219,0,124,100
1220,1220,0,124,100
1221,1221,0,124,100
1222,1222,0,124,100
1223,1223,0,124,100
1224,1224,0,124,100
1225,1225,0,124,100
1226,1226,0,124,100
1227,1227,0,124,100
1228,1228,0,124,100
1229,1229,0,124,100
1230,1230,0,124,100
1231,1231,0,124,100
1232,1232,0,124,100
1233,1233,0,124,100
1234,1234,0,124,100
1235,1235,0,124,100
1236,1236,0,124,100
1237,1237,0,124,100
1238,1238,0,124,100
1239,1239,0,124,100
1240,1240,0,124,100
1241,1241,0,124,100
1242,1242,0,124,100
1243,1243,0,124,100
1244,1244,0,124,100
1245,1245,0,124,100
1246,1246,0,124,100
1247,1247,0,124,100
1248,1248,0,124,100
1249,1249,0,124,100
1250,1250,0,124,100
1251,1251,0,124,100
1252,1252,0,124,100
1253,1253,0,124,100
1254,1254,0,124,100
1255,1255,0,124,100
1256,1256,0,124,100
1257,1257,0,124,100
1258,1258,0,124,100
1259,1259,0,124,100
1260,1260,0,124,100
1261,1261,0,124,100
1262,1262,0,124,100
1263,1263,0,124,100
1264,1264,0,124,100
1265,1265,0,124,100
1266,1266,0,124,100
1267,1267,0,124,100
1268,1268,0,124,100
1269,1269,0,124,100
1270,1270,0,124,100
1271,1271,0,124,100
1272,1272,0,124,100
1273,1273,0,124,100
1274,1274,0,124,100
1275,1275,0,124,100
1276,1276,0,124,100
1277,1277,0,124,100
1278,1278,0,124,100
1279,1279,0,124,100
1280,1280,0,124,100
1281,1281,0,124,100
1282,1282,0,124,100
1283,1283,0,124,100
1284,1284,0,124,100
1285,1285,0,124,100
1286,1286,0,124,100
1287,1287,0,124,100
1288,1288,0,124,100
1289,1289,0,124,100
1290,1290,0,124,100
1291,1291,0,124,100
1292,1292,0,124,100
1293,1293,0,124,100
1294,1294,0,124,100
1295,1295,0,124,100
1296,1296,0,124,100
1297,1297,0,124,100
1298,1298,0,124,100
1299,1299,0,124,100
1300,1300,0,124,100
1301,1301,0,124,100
1302,1302,0,124,100
1303,1303,0,124,100
1304,1304,0,124,100
1305,1305,0,124,100
1306,1306,0,124,100
1307,1307,0,124,100
1308,1308,0,124,100
1309,1309,0,124,100
1310,1310,0,124,100
1311,1311,0,124,100
1312,1312,0,124,100
1313,1313,0,124,100
1314,1314,0,124,100
1315,1315,0,124,100
1316,1316,0,124,100
1317,1317,0,124,100
1318,1318,0,124,100
1319,1319,0,124,100
1320,1320,0,124,100
1321,1321,0,124,100
1322,1322,0,124,100
1323,1323,0,124,100
1324,1324,0,124,100
1325,1325,0,124,100
1326,1326,0,124,100
1327,1327,0,124,100
1328,1328,0,124,100
1329,1329,0,124,100
1330,1330,0,124,100
1331,1331,0,124,100
1332,1332,0,124,100
1333,1333,0,124,100
1334,1334,0,124,100
1335,1335,0,124,100
1336,1336,0,124,100
1337,1337,0,124,100
1338,1338,0,124,100
1339,1339,0,124,100
1340,1340,0,124,100
1341,1341,0,124,100
1342,1342,0,124,100
1343,1343,0,124,100
1344,1344,0,124,100
1345,1345,0,124,100
1346,1346,0,124,100
1347,1347,0,124,100
1348,1348,0,124,100
1349,1349,0,124,100
1350,1350,0,124,100
1351,1351,0,124,100
1352,1352,0,124,100
1353,1353,0,124,100
1354,1354,0,124,100
1355,1355,0,124,100
1356,1356,0,124,100
1357,1357,0,124,100
1358,1358,0,124,100
1359,1359,0,124,100
1360,1360,0,124,100
1361,1361,0,124,100
1362,1362,0,124,100
1363,1363,0,124,100
1364,1364,0,124,100
1365,1365,0,124,100
1366,1366,0,124,100
1367,1367,0,124,100
1368,1368,0,124,100
1369,1369,0,124,100
1370,1370,0,124,100
1371,1371,0,124,100
1372,1372,0,124,100
1373,1373,0,124,100
1374,1374,0,124,100
1375,1375,0,124,100
1376,1376,0,124,100
1377,1377,0,124,100
1378,1378,0,124,100
1379,1379,0,124,100
1380,1380,0,124,100
1381,1381,0,124,100
1382,1382,0,124,100
1383,1383,0,124,100
1384,1384,0,124,100
1385,1385,0,124,100
1386,1386,0,124,100
1387,1387,0,124,100
1388,1388,0,124,100
1389,1389,0,124,100
1390,1390,0,124,100
1391,1391,0,124,100
1392,1392,0,124,100
1393,1393,0,124,100
1394,1394,0,124,100
1395,1395,0,124,100
1396,1396,0,124,100
1397,1397,0,124,100
1398,1398,0,124,100
1399,1399,0,124,100
1400,1400,0,124,100
1401,1401,0,124,100
1402,1402,0,124,100
1403,1403,0,124,100
1404,1404,0,124,100
1405,1405,0,124,100
1406,1406,0,124,100
1407,1407,0,124,100
1408,1408,0,124,100
1409,1409,0,124,100
1410,1410,0,124,100
1411,1411,0,124,100
1412,1412,0,124,100
1413,1413,0,124,100
1414,1414,0,124,100
1415,1415,0,124,100
1416,1416,0,124,100
1417,1417,0,124,100
1418,1418,0,124,100
1419,1419,0,124,100
1420,1420,0,124,100
1421,1421,0,124,100
1422,1422,0,124,100
1423,1423,0,124,100
1424,1424,0,124,100
1425,1425,0,124,100
1426,1426,0,124,100
1427,1427,0,124,100
1428,1428,0,124,100
1429,1429,0,124,100
1430,1430,0,124,100
1431,1431,0,124,100
1432,1432,0,124,100
1433,1433,0,124,100
1434,1434,0,124,100
1435,1435,0,124,100
1436,1436,0,124,100
1437,1437,0,124,100
1438,1438,0,124,100
1439,1439,0,124,100
1440,1440,0,124,100
1441,1441,0,124,100
1442,1442,0,124,100
1443,1443,0,124,100
1444,1444,0,124,100
1445,1445,0,124,100
1446,1446,0,124,100
1447,1447,0,124,100
1448,1448,0,124,100
1449,1449,0,124,100
1450,1450,0,124,100
1451,1451,0,124,100
1452,1452,0,124,100
1453,1453,0,124,100
1454,1454,0,124,100
1455,1455,0,124,100
1456,1456,0,124,100
1457,1457,0,124,100
1458,1458,0,124,100
1459,1459,0,124,100
1460,1460,0,124,100
1461,1461,0,124,100
1462,1462,0,124,100
1463,1463,0,124,100
1464,1464,0,124,100
1465,1465,0,124,100
1466,1466,0,124,100
1467,1467,0,124,100
1468,1468,0,124,100
1469,1469,0,124,100
1470,1470,0,124,100
1471,1471,0,124,100
1472,1472,0,124,100
1473,1473,0,124,100
1474,1474,0,124,100
1475,1475,0,124,100
1476,1476,0,124,100
1477,1477,0,124,100
1478,1478,0,124,100
1479,1479,0,124,100
1480,1480,0,124,100
1481,1481,0,124,100
1482,1482,0,124,100
1483,1483,0,124,100
1484,1484,0,124,100
1485,1485,0,124,100
1486,1486,0,124,100
1487,1487,0,124,100
1488,1488,0,124,100
1489,1489,0,124,100
1490,1490,0,124,100
1491,1491,0,124,100
1492,1492,0,124,100
1493,1493,0,124,100
1494,1494,0,124,100
1495,1495,0,124,100
1496,1496,0,124,100
1497,1497,0,124,100
1498,1498,0,124,100
1499,1499,0,124,100
1500,1500,0,124,100
1501,1501,0,124,100
1502,1502,0,124,100
1503,1503,0,124,100
1504,1504,0,124,100
1505,1505,0,124,100
1506,1506,0,124,100
1507,1507,0,124,100
1508,1508,0,124,100
1509,1509,0,124,100
1510,1510,0,124,100
1511,1511,0,124,100
1512,1512,0,124,100
1513,1513,0,124,100
1514,1514,0,124,100
1515,1515,0,124,100
1516,1516,0,124,100
1517,1517,0,124,100
1518,1518,0,124,100
1519,1519,0,124,100
1520,1520,0,124,100
1521,1521,0,124,100
1522,1522,0,124,100
1523,1523,0,124,100
1524,1524,0,124,100
1525,1525,0,124,100
1526,1526,0,124,100
1527,1527,0,124,100
1528,1528,0,124,100
1529,1529,0,124,100
1530,1530,0,124,100
1531,1531,0,124,100
1532,1532,0,124,100
1533,1533,0,124,100
1534,1534,0,124,100
1535,1535,0,124,100
1536,1536,0,124,100
1537,1537,0,124,100
1538,1538,0,124,100
1539,1539,0,124,100
1540,1540,0,124,100
1541,1541,0,124,100
1542,1542,0,124,100
1543,1543,0,124,100
1544,1544,0,124,100
1545,1545,0,124,100
1546,1546,0,124,100
1547,1547,0,124,100
1548,1548,0,124,100
1549,1549,0,124,100
1550,1550,0,124,100
1551,1551,0,124,100
1552,1552,0,124,100
1553,1553,0,124,100
1554,1554,0,124,100
1555,1555,0,124,100
1556,1556,0,124,100
1557,1557,0,124,100
1558,1558,0,124,100
1559,1559,0,124,100
1560,1560,0,124,100
1561,1561,0,124,100
1562,1562,0,124,100
1563,1563,0,124,100
1564,1564,0,124,100
1565,1565,0,124,100
1566,1566,0,124,100
1567,1567,0,124,100
1568,1568,0,124,100
1569,1569,0,124,100
1570,1570,0,124,100
1571,1571,0,124,100
1572,1572,0,124,100
1573,1573,0,124,100
1574,1574,0,124,100
1575,1575,0,124,100
1576,1576,0,124,100
1577,1577,0,124,100
1578,1578,0,124,100
1579,1579,0,124,100
1580,1580,0,124,100
1581,1581,0,124,100
1582,1582,0,124,100
1583,1583,0,124,100
1584,1584,0,124,100
1585,1585,0,124,100
1586,1586,0,124,100
1587,1587,0,124,100
1588,1588,0,124,100
1589,1589,0,124,100
1590,1590,0,124,100
1591,1591,0,124,100
1592,1592,0,124,100
1593,1593,0,124,100
1594,1594,0,124,100
1595,1595,0,124,100
1596,1596,0,124,100
1597,1597,0,124,100
1598,1598,0,124,100
1599,1599,0,124,100
1600,1600,0,124,100
1601,1601,0,124,100
1602,1602,0,124,100
1603,1603,0,124,100
1604,1604,0,124,100
1605,1605,0,124,100
1606,1606,0,124,100
1607,1607,0,124,100
1608,1608,0,124,100
1609,1609,0,124,100
1610,1610,0,124,100
1611,1611,0,124,100
1612,1612,0,124,100
1613,1613,0,124,100
1614,1614,0,124,100
1615,1615,0,124,100
1616,1616,0,124,100
1617,1617,0,124,100
1618,1618,0,124,100
1619,1619,0,124,100
1620,1620,0,124,100
1621,1621,0,124,100
1622,1622,0,124,100
1623,1623,0,124,100
1624,1624,0,124,100
1625,1625,0,124,100
1626,1626,0,124,100
1627,1627,0,124,100
1628,1628,0,124,100
1629,1629,0,124,100
1630,1630,0,124,100
1631,1631,0,124,100
1632,1632,0,124,100
1633,1633,0,124,100
1634,1634,0,124,100
1635,1635,0,124,100
1636,1636,0,124,100
1637,1637,0,124,100
1638,1638,0,124,100
1639,1639,0,124,100
1640,1640,0,124,100
1641,1641,0,124,100
1642,1642,0,124,100
1643,1643,0,124,100
1644,1644,0,124,100
1645,1645,0,124,100
1646,1646,0,124,100
1647,1647,0,124,100
1648,1648,0,124,100
1649,1649,0,124,100
1650,1650,0,124,100
1651,1651,0,124,100
1652,1652,0,124,100
1653,1653,0,124,100
1654,1654,0,124,100
1655,1655,0,124,100
1656,1656,0,124,100
1657,1657,0,124,100
1658,1658,0,124,100
1659,1659,0,124,100
1660,1660,0,124,100
1661,1661,0,124,100
1662,1662,0,124,100
1663,1663,0,124,100
1664,1664,0,124,100
1665,1665,0,124,100
1666,1666,0,124,100
1667,1667,0,124,100
1668,1668,0,124,100
1669,1669,0,124,100
1670,1670,0,124,100
1671,1671,0,124,100
1672,1672,0,124,100
1673,1673,0,124,100
1674,1674,0,124,100
1675,1675,0,124,100
1676,1676,0,124,100
1677,1677,0,124,100
1678,1678,0,124,100
1679,1679,0,124,100
1680,1680,0,124,100
1681,1681,0,124,100
1682,1682,0,124,100
1683,1683,0,124,100
1684,1684,0,124,100
1685,1685,0,124,100
1686,1686,0,124,100
1687,1687,0,124,100
1688,1688,0,124,100
1689,1689,0,124,100
1690,1690,0,124,100
1691,1691,0,124,100
1692,1692,0,124,100
1693,1693,0,124,100
1694,1694,0,124,100
1695,1695,0,124,100
1696,1696,0,124,100
1697,1697,0,124,100
1698,1698,0,124,100
1699,1699,0,124,100
1700,1700,0,124,100
1701,1701,0,124,100
1702,1702,0,124,100
1703,1703,0,124,100
1704,1704,0,124,100
1705,1705,0,124,100
1706,1706,0,124,100
1707,1707,0,124,100
1708,1708,0,124,100
1709,1709,0,124,100
1710,1710,0,124,100
1711,1711,0,124,100
1712,1712,0,124,100
1713,1713,0,124,100
1714,1714,0,124,100
1715,1715,0,124,100
1716,1716,0,124,100
1717,1717,0,124,100
1718,1718,0,124,100
1719,1719,0,124,100
1720,1720,0,124,100
1721,1721,0,124,100
1722,1722,0,124,100
1723,1723,0,124,100
1724,1724,0,124,100
1725,1725,0,124,100
1726,1726,0,124,100
1727,1727,0,124,100
1728,1728,0,124,100
1729,1729,0,124,100
1730,1730,0,124,100
1731,1731,0,124,100
1732,1732,0,124,100
1733,1733,0,124,100
1734,1734,0,124,100
1735,1735,0,124,100
1736,1736,0,124,100
1737,1737,0,124,100
1738,1738,0,124,100
1739,1739,0,124,100
1740,1740,0,124,100
1741,1741,0,124,100
1742,1742,0,124,100
1743,1743,0,124,100
1744,1744,0,124,100
1745,1745,0,124,100
1746,1746,0,124,100
1747,1747,0,124,100
1748,1748,0,124,100
1749,1749,0,124,100
1750,1750,0,124,100
1751,1751,0,124,100
1752,1752,0,124,100
1753,1753,0,124,100
1754,1754,0,124,100
1755,1755,0,124,100
1756,1756,0,124,100
1757,1757,0,124,100
1758,1758,0,124,100
1759,1759,0,124,100
1760,1760,0,124,100
1761,1761,0,124,100
1762,1762,0,124,100
1763,1763,0,124,100
1764,1764,0,124,100
1765,1765,0,124,100
1766,1766,0,124,100
1767,1767,0,124,100
1768,1768,0,124,100
1769,1769,0,124,100
1770,1770,0,124,100
1771,1771,0,124,100
1772,1772,0,124,100
1773,1773,0,124,100
1774,1774,0,124,100
1775,1775,0,124,100
1776,1776,0,124,100
1777,1777,0,124,100
1778,1778,0,124,100
1779,1779,0,124,100
1780,1780,0,124,100
1781,1781,0,124,100
1782,1782,0,124,100
1783,1783,0,124,100
1784,1784,0,124,100
1785,1785,0,124,100
1786,1786,0,124,100
1787,1787,0,124,100
1788,1788,0,124,100
1789,1789,0,124,100
1790,1790,0,124,100
1791,1791,0,124,100
1792,1792,0,124,100
1793,1793,0,124,100
1794,1794,0,124,100
1795,1795,0,124,100
1796,1796,0,124,100
1797,1797,0,124,100
1798,1798,0,124,100
1799,1799,0,124,100
1800,1800,0,124,100
1801,1801,0,124,100
1802,1802,0,124,100
1803,1803,0,124,100
1804,1804,0,124,100
1805,1805,0,124,100
1806,1806,0,124,100
1807,1807,0,124,100
1808,1808,0,124,100
1809,1809,0,124,100
1810,1810,0,124,100
1811,1811,0,124,100
1812,1812,0,124,100
1813,1813,0,124,100
1814,1814,0,124,100
1815,1815,0,124,100
1816,1816,0,124,100
1817,1817,0,124,100
1818,1818,0,124,100
1819,1819,0,124,100
1820,1820,0,124,100
1821,1821,0,124,100
1822,1822,0,124,100
1823,1823,0,124,100
1824,1824,0,124,100
1825,1825,0,124,100
1826,1826,0,124,100
1827,1827,0,124,100
1828,1828,0,124,100
1829,1829,0,124,100
1830,1830,0,124,100
1831,1831,0,124,100
1832,1832,0,124,100
1833,1833,0,124,100
1834,1834,0,124,100
1835,1835,0,124,100
1836,1836,0,124,100
1837,1837,0,124,100
1838,1838,0,124,100
1839,1839,0,124,100
1840,1840,0,124,100
1841,1841,0,124,100
1842,1842,0,124,100
1843,1843,0,124,100
1844,1844,0,124,100
1845,1845,0,124,100
1846,1846,0,124,100
1847,1847,0,124,100
1848,1848,0,124,100
1849,1849,0,124,100
1850,1850,0,124,100
1851,1851,0,124,100
1852,1852,0,124,100
1853,1853,0,124,100
1854,1854,0,124,100
1855,1855,0,124,100
1856,1856,0,124,100
1857,1857,0,124,100
1858,1858,0,124,100
1859,1859,0,124,100
1860,1860,0,124,100
1861,1861,0,124,100
1862,1862,0,124,100
1863,1863,0,124,100
1864,1864,0,124,100
1865,1865,0,124,100
1866,1866,0,124,100
1867,1867,0,124,100
1868,1868,0,124,100
1869,1869,0,124,100
1870,1870,0,124,100
1871,1871,0,124,100
1872,1872,0,124,100
1873,1873,0,124,100
1874,1874,0,124,100
1875,1875,0,124,100
1876,1876,0,124,100
1877,1877,0,124,100
1878,1878,0,124,100
1879,1879,0,124,100
1880,1880,0,124,100
1881,1881,0,124,100
1882,1882,0,124,100
1883,1883,0,124,100
1884,1884,0,124,100
1885,1885,0,124,100
1886,1886,0,124,100
1887,1887,0,124,100
1888,1888,0,124,100
1889,1889,0,124,100
1890,1890,0,124,100
1891,1891,0,124,100
1892,1892,0,124,100
1893,1893,0,124,100
1894,1894,0,124,100
1895,1895,0,124,100
1896,1896,0,124,100
1897,1897,0,124,100
1898,1898,0,124,100
1899,1899,0,124,100
1900,1900,0,124,100
1901,1901,0,124,100
1902,1902,0,124,100
1903,1903,0,124,100
1904,1904,0,124,100
1905,1905,0,124,100
1906,1906,0,124,100
1907,1907,0,124,100
1908,1908,0,124,100
1909,1909,0,124,100
1910,1910,0,124,100
1911,1911,0,124,100
1912,1912,0,124,100
1913,1913,0,124,100
1914,1914,0,124,100
1915,1915,0,124,100
1916,1916,0,124,100
1917,1917,0,124,100
1918,1918,0,124,100
1919,1919,0,124,100
1920,1920,0,124,100
1921,1921,0,124,100
1922,1922,0,124,100
1923,1923,0,124,100
1924,1924,0,124,100
1925,1925,0,124,100
1926,1926,0,124,100
1927,1927,0,124,100
1928,1928,0,124,100
1929,1929,0,124,100
1930,1930,0,124,100
1931,1931,0,124,100
1932,1932,0,124,100
1933,1933,0,124,100
1934,1934,0,124,100
1935,1935,0,124,100
1936,1936,0,124,100
1937,1937,0,124,100
1938,1938,0,124,100
1939,1939,0,124,100
1940,1940,0,124,100
1941,1941,0,124,100
1942,1942,0,124,100
1943,1943,0,124,100
1944,1944,0,124,100
1945,1945,0,124,100
1946,1946,0,124,100
1947,1947,0,124,100
1948,1948,0,124,100
1949,1949,0,124,100
1950,1950,0,124,100
1951,1951,0,124,100
1952,1952,0,124,100
1953,1953,0,124,100
1954,1954,0,124,100
1955,1955,0,124,100
1956,1956,0,124,100
1957,1957,0,124,100
1958,1958,0,124,100
1959,1959,0,124,100
1960,1960,0,124,100
1961,1961,0,124,100
1962,1962,0,124,100
1963,1963,0,124,100
1964,1964,0,124,100
1965,1965,0,124,100
1966,1966,0,124,100
1967,1967,0,124,100
1968,1968,0,124,100
1969,1969,0,124,100
1970,1970,0,124,100
1971,1971,0,124,100
1972,1972,0,124,100
1973,1973,0,124,100
1974,1974,0,124,100
1975,1975,0,124,100
1976,1976,0,124,100
1977,1977,0,124,100
1978,1978,0,124,100
1979,1979,0,124,100
1980,1980,0,124,100
1981,1981,0,124,100
1982,1982,0,124,100
1983,1983,0,124,100
1984,1984,0,124,100
1985,1985,0,124,100
1986,1986,0,124,100
1987,1987,0,124,100
1988,1988,0,124,100
1989,1989,0,124,100
1990,1990,0,124,100
1991,1991,0,124,100
1992,1992,0,124,100
1993,1993,0,124,100
1994,1994,0,124,100
1995,1995,0,124,100
1996,1996,0,124,100
1997,1997,0,124,100
1998,1998,0,124,100
1999,1999,0,124,100
2000,2000,0,124,100
2001,2001,0,124,100
2002,2002,0,124,100
2003,2003,0,124,100
2004,2004,0,124,100
2005,2005,0,124,100
2006,2006,0,124,100
2007,2007,0,124,100
2008,2008,0,124,100
2009,2009,0,124,100
2010,2010,0,124,100
2011,2011,0,124,100
2012,2012,0,124,100
2013,2013,0,124,100
2014,2014,0,124,100
2015,2015,0,124,100
2016,2016,0,124,100
2017,2017,0,124,100
2018,2018,0,124,100
2019,2019,0,124,100
2020,2020,0,124,100
2021,2021,0,124,100
2022,2022,0,124,100
2023,2023,0,124,100
2024,2024,0,124,100
2025,2025,0,124,100
2026,2026,0,124,100
2027,2027,0,124,100
2028,2028,0,124,100
2029,2029,0,124,100
2030,2030,0,124,100
2031,2031,0,124,100
2032,2032,0,124,100
2033,2033,0,124,100
2034,2034,0,124,100
2035,2035,0,124,100
2036,2036,0,124,100
2037,2037,0,124,100
2038,2038,0,124,100
2039,2039,0,124,100
2040,2040,0,124,100
2041,2041,0,124,100
2042,2042,0,124,100
2043,2043,0,124,100
2044,2044,0,124,100
2045,2045,0,124,100
2046,2046,0,124,100
2047,2047,0,124,100
